news,label
Senior Minister (Security Cluster) Datuk Seri Ismail Senior Minister (Security Cluster) Datuk Seri Ismail Sabri Yaakob denies the authenticity of a video purportedly showing the dire situation at a quarantine centre that is provided by the Sabah state government. Sabri Yaakob denies the authenticity of a video purportedly showing the dire situation at a quarantine centre that is provided by the Sabah state government.,FAKE.
"Make sure you, and the people around you, follow good respiratory hygiene. This means covering your mouth and nose with your bent elbow or tissue when you cough or sneeze. Then dispose of the used tissue immediately.",TRUE.
he Corona fear is so bad that limes are staying away from it too.,FAKE.
"If you develop fever, cough and difficulty breathing, seek medical advice promptly as this may be due to a respiratory infection or other serious condition. Call in advance and tell your provider of any recent travel or contact with travelers. Why? Calling in advance will allow your health care provider to quickly direct you to the right health facility. This will also help to prevent possible spread of COVID-19 and other viruses.",TRUE.
"wow.. bars, clubs, and gyms all closed?? my life is about to seriously be exactly the same",FAKE.
this like the exact opposite of that pokemon go summer,FAKE.
WORK FROM HOME TIPS:Have a routine. Shower/dress like normal. Keep a dedicated workspace. Fill a briefcase with sausages & carry it at all times. Stick to usual work hours. NEVER let raccoons trick you into trusting them with the beefcase: they dont have your interests at heart,FAKE.
"Droplets spread virus. By following good respiratory hygiene you protect the people around you from viruses such as cold, flu and COVID-19.",TRUE.
"Stay at home if you begin to feel unwell, even with mild symptoms such as headache and slight runny nose, until you recover. Why? Avoiding contact with others and visits to medical facilities will allow these facilities to operate more effectively and help protect you and others from possible COVID-19 and other viruses.",TRUE.
"The Women, Family and Community Development Ministry (KPWKM) denies reports on an increase in domestic violence cases during the movement control order (MCO) based on a 57 per cent increase in calls to helpline Talian Kasih. The ministry said the higher number of calls include on matters related Covid-19, welfare aid, counselling and others.",FAKE.
"The Malaysian Islamic Development Department (Jakim) dismissed claims quoting Verse 33 from Surah al-Ahzab that relate to three Covid-19 deaths on April 3 and total of 3,333 positive cases. Jakim says there is no truth whatsoever to the claims.- Bernama",FAKE.
"If you have fever, cough and difficulty breathing, seek medical care early
Stay home if you feel unwell. If you have a fever, cough and difficulty breathing, seek medical attention and call in advance. Follow the directions of your local health authority.
Why? National and local authorities will have the most up to date information on the situation in your area. Calling in advance will allow your health care provider to quickly direct you to the right health facility. This will also protect you and help prevent spread of viruses and other infections.",TRUE.
"Stay informed and follow advice given by your healthcare provider
Stay informed on the latest developments about COVID-19. Follow advice given by your healthcare provider, your national and local public health authority or your employer on how to protect yourself and others from COVID-19.
Why? National and local authorities will have the most up to date information on whether COVID-19 is spreading in your area. They are best placed to advise on what people in your area should be doing to protect themselves.",TRUE.
"Love knows no borders, neither do people with coronavirus",FAKE.
When you hear the coronavirus is coming to America but you know corona is a Mexican beer,FAKE.
"You see a coronavirus meme, you laugh at it, your start coughing, you have a sudden urge to travel the world",FAKE.
"For office folks suddenly working from home: Drink water, get sunlight and you're basically a house plant with more complication emotions",FAKE.
It's been almost a week I and wife are working from home due to coronavirus situation. I think we will kill each other before the virus does!,FAKE.
"He has already survived a World War, being stranded on an island, being stranded at an airport, a failed moon landing, an emergency flight landing on the river and a ship hijacking",FAKE.
Coronavirus won't last long because it was made in China,FAKE.
"A perfect Leave ApplicationA perfect Leave Application,Dear HR,I am suffering from corona virus and request you to grant me paid leave for 20days. Otherwise I will come to office",FAKE.
"Don’t worry, the Corona Virus won’t last long… It was made in China.",FAKE.
"A suspected Covid-19 male patient is lying in bed in the hospital, wearing an oxygen mask over his mouth and nose. A young student female nurse appears and gives him a partial sponge bath.",FAKE.
"Before Corona Virus I used to cough to cover a fart, now I fart to cover a cough.",FAKE.
Back in the day the only time we started panic buying was when the bartender yelled “last call”,FAKE.
Day 3 without sports. Found a lady sitting on my couch yesterday. Apparently she is my wife. She seems nice.,FAKE.
Finland has just closed the border. No one can cross the Finnish line!,FAKE.
"Since everybody has now started washing their hands, the peanuts at the bar have lost their taste.",FAKE.
Chinese doctors have confirmed the name of the first person to contract Coronavirus. His name is Ah-Chu.,FAKE.
"*Breaking News!* – Apparently the first person in Melbourne has died because of the Coronavirus. In his house they found 1000 cans of food, 50 kilos of pasta, 80 kilos of rice, 300 toilet rolls and 50L of hand sanitiser which he had panic purchased from the supermarket and stock piled “just in case”.The whole lot collapsed and buried him.",FAKE.
"To those who are complaining about the quarantine period and curfews, just remember that your grandparents were called to war, you are being called to sit on the couch and watch Netflix. You can do this.",FAKE.
"I sneezed in the bank today, it was the most attention I have received from the staff in the last 10 years.",FAKE.
"It must have been a woman who invented the Corona Virus!NFL – cancelled
Formel 1 – cancelled,Bars – Closed,Brothels – Closed,You have to stay at home – With the wife
,Men – We are facing a hard time!",FAKE.
"Prediction: There will be a minor baby boom in 9 month, and then one day in 2033, we shall witness the rise of the QUARANTEENS!",FAKE.
"People with a cold – “I just want to stay in bed and do nothing, I feel terrible” People with Corona Virus – “I feel terrible, I think I will go skiing in Austria, visit the Eiffel Tower and maybe do some white water rafting in Camino de Santiago",FAKE.
In Germany they are preparing for the crisis by stocking up with sausage and cheese. That’s the Würst Case scenario!,FAKE.
"Breaking News : World Health Organization has issued a statement that animals can not transmit Corona and that all animals, including dogs, should be released from quarantine. ‘WHO Let the Dogs Out!!",FAKE.
"Chuck norris got Covid-19, now the virus has a 14 days quarantine!",FAKE.
Why is the metro in Rome the safest place to avoid the virus? Because the waiting time is longer than the incubation time,FAKE.
"To the people who bought 20 bottles of soap leaving none of the shelves for others, you do realise that to stop getting Coronavirus, you need other people washing their hands too.",FAKE.
Before you complain to much – Remember there is one in quarantine with your ex!!,FAKE.
"I know a great joke about Corona Virus, you probably won’t get it though",FAKE.
"Is a game of poker illegal these days?I mean, you can get a full house!",FAKE.
"With all this talk of Corona Virus, the people who make sanitising gel are rubbing their hands together.",FAKE.
"A man walks into a bar and goes up to the bartender and says “I’ll have a Corona please, hold the virus",FAKE.
In these quarantine days we find new ways to communicate!A good example is my neighbor who stood up at 7. am this morning and started listened to very loud heavy metal music….What ever he liked it or not!,FAKE.
How come the liquor stores don’t have empty shelves? Don’t people understand that they will be quarantined with their spouses and kids?,FAKE.
"oh my god, the chicago aquarium closed due to coronavirus, so they let the penguins run around and check out the other exhibits.",FAKE.
THINGS U CAN STILL DO WHILE SOCIALLY DISTANCING:-Stare at the blank page b4 u-Open up the dirty window-Let the sun illuminate the words that you cannot find-Reach 4 something in the distance (so close u can almost taste it)-Release ur inhibitions-Feel the rain on ur skin,FAKE.
So if I die today my last message to a loved one will be a Twitter thread of Himesh Reshammiya as pachak goli and I think that's beautiful,FAKE.
we are all edward hopper paintings now,FAKE.
"If #coronavirus don't kill me, Saifoo in a crisp cotton kurta, reading a book next to his library, certainly will.  Take me now, nawab Sahab.",FAKE.
"Please don't be selfish and stock up food during this pandemic, be kind and help each other. If anyone needs rice or daal, let me know, I have bought 75Kgs each",FAKE.
Treating the quarantine like a prison sentence. Bulking up. Reading books. Converting to Islam. Refusing to shower,FAKE.
How long before the JK Rowling tweet telling us Dobby had Coronavirus this whole time,FAKE.
The cast of Big Brother in Germany doesn’t know about covid-19 and they’re gonna tell them in a live TV special. I have to learn German by tomorrow.,FAKE.
me in quarantine showing off my dog to the lecturer during online classes,FAKE.
the killers: coming out of my cage and i-CDC: absolutely not,FAKE.
There is so much panic right now and not nearly enough disco,FAKE.
Even corona doesn't like him.,FAKE.
"Close contact is a person who, for example, has stayed in the same cabin, participated in common activities, dined together, a cabin steward, or someone who has a contact within 1 meter or was in the closed environment with the suspect/confirmed COVID-19 case.",TRUE.
"Coronaviruses are a large family of viruses which may cause illness in animals or humans. In humans, several coronaviruses are known to cause respiratory infections ranging from the common cold to more severe diseases such as Middle East Respiratory Syndrome (MERS) and Severe Acute Respiratory Syndrome (SARS). The most recently discovered coronavirus causes coronavirus disease COVID-19.",TRUE.
"COVID-19 is the infectious disease caused by the most recently discovered coronavirus. This new virus and disease were unknown before the outbreak began in Wuhan, China, in December 2019.",TRUE.
Studies to date suggest that the virus that causes COVID-19 is mainly transmitted through contact with respiratory droplets rather than through the air. See previous answer on “How does COVID-19 spread?”,TRUE.
My dog after I sent him to get supplies since he can’t get the Coronavirus,FAKE.
"in an unsettling reversal of my teenage years, I am now yelling at my parents for going out",FAKE.
"If you’ve ever eaten at Papaya King on New York’s Upper East Side, you’re immune to coronavirus.",FAKE.
Coronavirus death toll in U.S. is like 12!Jeffrey Dahmer ate more people than that.,FAKE.
The corona fear is so bad that Mexicans won’t drink it anymore!,FAKE.
You know whats great about the corona virus?Lyme Disease,FAKE.
Hearing that the eventual VOD-only release of TENET will involve Christopher Nolan personally coming to each house/apt in a HAZMAT suit and projecting the film on 35mm.,FAKE.
My therapist: your OCD is irrationalThe government: you must wash your hands 19 times a day or your dad will die,FAKE.
"We get it, Europe, you all have BALCONIES.",FAKE.
"With gyms closed, what are Lokhandwala fuccbois doing? Are they okay?",FAKE.
can we all just agree to gain 15 pounds. that way none of us have to feel weird about it,FAKE.
"can’t spell quarantine without u,r,a,q,t , wassup tho?",FAKE.
it’s crazy how because of corona we can see how almost everything we do is a totally made up social construct that can be instantly stopped if we wanted to lol,FAKE.
"The most common symptoms of COVID-19 are fever, tiredness, and dry cough. Some patients may have aches and pains, nasal congestion, runny nose, sore throat or diarrhea. These symptoms are usually mild and begin gradually. Some people become infected but don’t develop any symptoms and don't feel unwell. Most people (about 80%) recover from the disease without needing special treatment. Around 1 out of every 6 people who gets COVID-19 becomes seriously ill and develops difficulty breathing. Older people, and those with underlying medical problems like high blood pressure, heart problems or diabetes, are more likely to develop serious illness. People with fever, cough and difficulty breathing should seek medical attention.",TRUE.
"People can catch COVID-19 from others who have the virus. The disease can spread from person to person through small droplets from the nose or mouth which are spread when a person with COVID-19 coughs or exhales. These droplets land on objects and surfaces around the person. Other people then catch COVID-19 by touching these objects or surfaces, then touching their eyes, nose or mouth. People can also catch COVID-19 if they breathe in droplets from a person with COVID-19 who coughs out or exhales droplets. This is why it is important to stay more than 1 meter (3 feet) away from a person who is sick. WHO is assessing ongoing research on the ways COVID-19 is spread and will continue to share updated findings.",TRUE.
"I keep getting people asking me if the coronavirus can be spread through sexual contact even if there is no exchange of air or touching of faces. If you can get this accomplished from 6 feet away, congratulations to both of you",FAKE.
"QUARANTINE DIARY:Day 1: I have stocked up on enough non-perishable food and supplies to last me for months, maybe years, so that I can remain in isolation for as long as it takes to see out this pandemicDay 1 + 45 minutes: I am in the supermarket because I wanted a Twix",FAKE.
"AMERICA, EVERY WEEKEND: I just wanna Netflix and Chill lol.THE WEEKEND EVERYONE NEEDS TO STAY INSIDE: It's my God-given right to go outside and lick whatever I want.",FAKE.
"Wow. 12 days ago I began a silent meditation in the desert. We were totally isolated. No phone, no communication etc. We had no idea what was happening outside the facility.",FAKE.
The Office: Coronavirus:Michael ignores the work from home memo because he thinks that everyone should be together at a time like thisDwight acts completely normal & claims genetic immunity Angela wears a hazmat suit Kevin says that he’s had it for weeks & feels fine,FAKE.
I agree with everything the PM said. It's a good speech. Share its message widely! And spending a sunday like I've pretty much spent every single sunday....ain't that bad. I'll even do the Italian thing at 5pm,FAKE.
This is the first time I am sending Modiji’s speech to my parents to convince them to stay indoors.,FAKE.
"Leaders in the world: citizens don’t have to pay bills, stay inside, be prepared, this is a war, more facts that people want to war, M*di:  if ur happy and u know it clap ur hands",FAKE.
Real meaning of #JanataCurfew : BULATI HAI MAGAR JANE KA NAHI,FAKE.
Modi proposes #JantaCurfew on Sunday 22nd March (7 am to 9pm),FAKE.
"The message goes on to say that the groups should be closed because police can take action against the admin and group members vide section 68, 140 and 188 if someone posts a joke about the virus.",FAKE.
"The Coronavirus can now be transmitted sexually. Luckily, most of you have nothing to worry about. It can't be transmitted by your own hand.",FAKE.
Chuck Norris caught the Coronavirus recently. He holds the virus hostage ever since.,FAKE.
Chuck Norris's tears cure coronavirus... Too bad he has never cried.,FAKE.
Don't ask God to cure the Coronavirus. He's too busy finding you some lotto numbers.,FAKE.
What's the difference between a Corona Girl and Coronavirus? Coronavirus does something.,FAKE.
What's the difference between Corona Beer and COVID-19? COVID-19 has effect.,FAKE.
Beware of butt kissers! Coronavirus can be transmitted by ass kissing.,FAKE.
I would tell a joke about COVID-19... But nobody likes knock-knock jokes,FAKE.
"Yes, it is okay to make coronavirus jokes. COVID-19 jokes are viral, no risk to die laughing. Laughter is therapy.",FAKE.
"Knock, Knock - Who's There? - Ach... Ach who - Bless you!",FAKE.
Chuck Norris caught the Coronavirus. He can sneeze with his eyes open,FAKE.
"I asked the librarian for a book on the Coronavirus. She said, ""It's in Asia at the moment, but it should be here within the next few days by cargo.",FAKE.
"I must admit, my coronavirus T-shirt is giving me a lot of personal space inside this subway car parking.",FAKE.
"The symptoms of Coronavirus can include runny nose, headache, cough, sore throat, fever, a general feeling of being unwell. The exact same kind of feeling that a husband gets when he sees his wife going through his phone and messages. Relax! You are not ill but avoid close contact with her.",FAKE.
Good jokes about Coronavirus will most likely go viral And only 50% die laughing.,FAKE.
Coronavirus has been in the US for 1 day and people are already wearing masks. AIDS has been here for 59 years and fools still don't use a condom.,FAKE.
"Researchers just found a cure for cancer. Unfortunately, it's Coronavirus.",FAKE.
"News: Don't panic about Coronavirus, but please watch this nonstop coverage about how it could spread everywhere and kill you. Don't panic though.",FAKE.
"Don't expect a ""bless you"" after you sprayed me down with your sneeze.",FAKE.
How come Donald Trump never get sick? He has diplomatic immunity.,FAKE.
Sneezed. Nobody blessed me. Going to hell,FAKE.
We have found another solution to stay at home. Bull running.,FAKE.
"Some people ask for a Kleenex when they sneeze, Chuck Norris asks for a body bag.",FAKE.
"COVID-19 isolation statistics: confirmed cases: 0, deaths: 0, divorces: 1000",FAKE.
Chuck Norris cured Coronavirus. The virus is healthy at the moment. It paid a lot for his treatment.,FAKE.
"A woman goes to the doctor... The doctor asks ""What seems to be the problem?"" She responds, ""Every time I sneeze, I orgasm,"" The doctor asked, ""Are you taking anything for it?"" ""Yeah, pepper.",FAKE.
Chuck Norris can cure the COVID-19. There are no viruses in heaven,FAKE.
"My cat just sneezed directly into my eyeballs so I'll probably be dead soon. Goodbye, guys. No, you can't have my stuff.",FAKE.
"Scientists have created a mutant version of the deadly COVID-19 virus in an effort to better understand how pandemics start. I'm not a scientist, but now I understand how pandemics start.",FAKE.
In 2020 there are the longest holidays. WE'RE ALL GOING TO DIEt after the holidays.,FAKE.
Latest recommendation: don't get COVID-19! Wait for COVID-20. We have information from certain sources that it is an improved version.,FAKE.
"Doctor, how do I stop my nose from running?! Stick your foot out and trip it up!",FAKE.
Relieve stress in tough Coronavirus times. Stress makes you fat,FAKE.
"People may be sick with the virus for 1 to 14 days before developing symptoms. The most common symptoms of coronavirus disease (COVID-19) are fever, tiredness, and dry cough. Most people (about 80%) recover from the disease without needing special treatment.",TRUE.
"More rarely, the disease can be serious and even fatal. Older people, and people with other medical conditions (such as asthma, diabetes, or heart disease), may be more vulnerable to becoming severely ill.",TRUE.
"Coronaviruses (CoV) derive their name from the fact that under electron microscopic examination, each virion is surrounded by the corona. Coronaviruses (CoV) are a large family of viruses that cause illness ranging from the common cold to more severe diseases such as Middle East Respiratory Syndrome (MERS - CoV) and Severe Acute Respiratory Syndrome (SARS -CoV). So far, seven types of coronavirus are infecting people.",TRUE.
COVID-19 causes respiratory disease and is mainly transmitted in person-to-person.,TRUE.
can happen in the following circumstances: Between people who are in close contact with one another (within about 6 feet) Through respiratory droplets produced when an infected person coughs or sneezes These droplets can land in the mouths or noses of people who are nearby or possibly be inhaled into the lungs,TRUE.
"A person can possibly get COVID-19 by touching a surface or an object (e.g. doorknobs and table) that has the virus on it and then touching his own mouth, nose, or eyes.",TRUE.
The signs and symptoms of COVID-19 are similar to the symptoms of ordinary flu. A study of where a patient has been or whom the patient has had contact with will give clues as to whether the patient may have been exposed to COVID-19.,TRUE.
Reported illnesses have ranged from mild symptoms to severe illness and death for confirmed coronavirus disease 2019 (COVID-19) cases. The following symptoms may appear 2-14 days after exposure: Fever Cough Shortness of breath,TRUE.
"According to WHO, people of all ages can be infected by COVID-19. The following groups of people appear to be more vulnerable to becoming severely ill with the virus. The elderly People with pre-existing medical conditions such as asthma, diabetes and heart disease",TRUE.
"The main way the disease spreads is through respiratory droplets expelled by someone who is coughing. The risk of catching COVID-19 from someone with no symptoms at all is very low. However, many people with COVID-19 experience only mild symptoms. This is particularly true at the early stages of the disease. It is therefore possible to catch COVID-19 from someone who has, for example, just a mild cough and does not feel ill. WHO is assessing ongoing research on the period of transmission of COVID-19 and will continue to share updated findings.",TRUE.
"The risk of catching COVID-19 from the feces of an infected person appears to be low. While initial investigations suggest the virus may be present in feces in some cases, spread through this route is not a main feature of the outbreak. WHO is assessing ongoing research on the ways COVID-19 is spread and will continue to share new findings. Because this is a risk, however, it is another reason to clean hands regularly, after using the bathroom and before eating.",TRUE.
"Stay aware of the latest information on the COVID-19 outbreak, available on the WHO website and through your national and local public health authority. Many countries around the world have seen cases of COVID-19 and several have seen outbreaks. Authorities in China and some other countries have succeeded in slowing or stopping their outbreaks. However, the situation is unpredictable so check regularly for the latest news.",TRUE.
Regularly and thoroughly clean your hands with an alcohol-based hand rub or wash them with soap and water.,TRUE.
Why? Washing your hands with soap and water or using alcohol-based hand rub kills viruses that may be on your hands.,TRUE.
Maintain at least 1 metre (3 feet) distance between yourself and anyone who is coughing or sneezing.,TRUE.
"Why? When someone coughs or sneezes they spray small liquid droplets from their nose or mouth which may contain virus. If you are too close, you can breathe in the droplets, including the COVID-19 virus if the person coughing has the disease.",TRUE.
"Avoid touching eyes, nose and mouth.",TRUE.
"Why? Hands touch many surfaces and can pick up viruses. Once contaminated, hands can transfer the virus to your eyes, nose or mouth. From there, the virus can enter your body and can make you sick.",TRUE.
"Make sure you, and the people around you, follow good respiratory hygiene. This means covering your mouth and nose with your bent elbow or tissue when you cough or sneeze. Then dispose of the used tissue immediately.",TRUE.
Why? Droplets spread virusBy following good respiratory hygiene you protect the people around you from viruses such as cold flu and COVID-19.,TRUE.
"Stay home if you feel unwell. If you have a fever, cough and difficulty breathing, seek medical attention and call in advance. Follow the directions of your local health authority.",TRUE.
Why? National and local authorities will have the most up to date information on the situation in your area. Calling in advance will allow your health care provider to quickly direct you to the right health facility. This will also protect you and help prevent spread of viruses and other infections.,TRUE.
"Keep up to date on the latest COVID-19 hotspots (cities or local areas where COVID-19 is spreading widely). If possible, avoid traveling to places – especially if you are an older person or have diabetes, heart or lung disease.",TRUE.
Why? You have a higher chance of catching COVID-19 in one of these areas.,TRUE.
"Follow the guidance outlined above (Protection measures for everyone): Self-isolate by staying at home if you begin to feel unwell, even with mild symptoms such as headache, low grade fever (37.3 C or above) and slight runny nose, until you recover. If it is essential for you to have someone bring you supplies or to go out, e.g. to buy food, then wear a mask to avoid infecting other people. Why? Avoiding contact with others and visits to medical facilities will allow these facilities to operate more effectively and help protect you and others from possible COVID-19 and other viruses. If you develop fever, cough and difficulty breathing, seek medical advice promptly as this may be due to a respiratory infection or other serious condition. Call in advance and tell your provider of any recent travel or contact with travelers. Why? Calling in advance will allow your health care provider to quickly direct you to the right health facility. This will also help to prevent possible spread of COVID-19 and other viruses.",TRUE.
"The risk depends on where you  are - and more specifically, whether there is a COVID-19 outbreak unfolding there.
For most people in most locations the risk of catching COVID-19 is still low. However there are now places around the world (cities or areas) where the disease is spreading. For people living in or visiting these areas the risk of catching COVID-19 is higher. Governments and health authorities are taking vigorous action every time a new case of COVID-19 is identified. Be sure to comply with any local restrictions on travel movement or large gatherings. Cooperating with disease control efforts will reduce your risk of catching or spreading COVID-19.""",TRUE.
"COVID-19 outbreaks can be contained and transmission stopped, as has been shown in China and some other countries. Unfortunately, new outbreaks can emerge rapidly. It’s important to be aware of the situation where you are or intend to go. WHO publishes daily updates on the COVID-19 situation worldwide.",TRUE.
"Illness due to COVID-19 infection is generally mild, especially for children and young adults. However, it can cause serious illness: about 1 in every 5 people who catch it need hospital care. It is therefore quite normal for people to worry about how the COVID-19 outbreak will affect them and their loved ones. We can channel our concerns into actions to protect ourselves, our loved ones and our communities. First and foremost among these actions is regular and thorough hand-washing and good respiratory hygiene. Secondly, keep informed and follow the advice of the local health authorities including any restrictions put in place on travel, movement and gatherings.",TRUE.
"While we are still learning about how COVID-2019 affects people, older persons and persons with pre-existing medical conditions (such as high blood pressure, heart disease, lung disease, cancer or diabetes)  appear to develop serious illness more often than others. ",TRUE.
"No. Antibiotics do not work against viruses, they only work on bacterial infections. COVID-19 is caused by a virus, so antibiotics do not work. Antibiotics should not be used as a means of prevention or treatment of COVID-19. They should only be used as directed by a physician to treat a bacterial infection. ",TRUE.
"While some western, traditional or home remedies may provide comfort and alleviate symptoms of COVID-19, there is no evidence that current medicine can prevent or cure the disease. WHO does not recommend self-medication with any medicines, including antibiotics, as a prevention or cure for COVID-19. However, there are several ongoing clinical trials that include both western and traditional medicines. WHO will continue to provide updated information as soon as clinical findings are available.",TRUE.
"Not yet. To date, there is no vaccine and no specific antiviral medicine to prevent or treat COVID-2019. However, those affected should receive care to relieve symptoms. People with serious illness should be hospitalized. Most patients recover thanks to supportive care.Possible vaccines and some specific drug treatments are under investigation. They are being tested through clinical trials. WHO is coordinating efforts to develop vaccines and medicines to prevent and treat COVID-19.The most effective ways to protect yourself and others against COVID-19 are to frequently clean your hands, cover your cough with the bend of elbow or tissue, and maintain a distance of at least 1 meter (3 feet) from people who are coughing or sneezing. (See Basic protective measures against the new coronavirus).",TRUE.
"Only wear a mask if you are ill with COVID-19 symptoms (especially coughing) or looking after someone who may have COVID-19. Disposable face mask can only be used once. If you are not ill or looking after someone who is ill then you are wasting a mask. There is a world-wide shortage of masks, so WHO urges people to use masks wisely.WHO advises rational use of medical masks to avoid unnecessary wastage of precious resources and mis-use of masks  (see Advice on the use of masks).The most effective ways to protect yourself and others against COVID-19 are to frequently clean your hands, cover your cough with the bend of elbow or tissue and maintain a distance of at least 1 meter (3 feet) from people who are coughing or sneezing. See basic protective measures against the new coronavirus for more information.",TRUE.
"Remember, a mask should only be used by health workers, care takers, and individuals with respiratory symptoms, such as fever and cough.
Before touching the mask clean hands with an alcohol-based hand rub or soap and water Take the mask and inspect it for tears or holes.Orient which side is the top side (where the metal strip is).Ensure the proper side of the mask faces outwards (the coloured side).Place the mask to your face. Pinch the metal strip or stiff edge of the mask so it moulds to the shape of your nose.Pull down the mask’s bottom so it covers your mouth and your chin.After use take off the mask; remove the elastic loops from behind the ears while keeping the mask away from your face and clothes to avoid touching potentially contaminated surfaces of the mask.Discard the mask in a closed bin immediately after use.Perform hand hygiene after touching or discarding the mask – Use alcohol-based hand rub or if visibly soiled wash your hands with soap and water.""",TRUE.
"The incubation period means the time between catching the virus and beginning to have symptoms of the disease. Most estimates of the incubation period for COVID-19 range from 1-14 days, most commonly around five days. These estimates will be updated as more data become available.",TRUE.
"Coronaviruses are a large family of viruses that are common in animals. Occasionally, people get infected with these viruses which may then spread to other people. For example, SARS-CoV was associated with civet cats and MERS-CoV is transmitted by dromedary camels. Possible animal sources of COVID-19 have not yet been confirmed.  To protect yourself, such as when visiting live animal markets, avoid direct contact with animals and surfaces in contact with animals. Ensure good food safety practices at all times. Handle raw meat, milk or animal organs with care to avoid contamination of uncooked foods and avoid consuming raw or undercooked animal products.",TRUE.
"While there has been one instance of a dog being infected in Hong Kong, to date, there is no evidence that a dog, cat or any pet can transmit COVID-19. COVID-19 is mainly spread through droplets produced when an infected person coughs, sneezes, or speaks. To protect yourself, clean your hands frequently and thoroughly. WHO continues to monitor the latest research on this and other COVID-19 topics and will update as new findings are available.",TRUE.
"It is not certain how long the virus that causes COVID-19 survives on surfaces, but it seems to behave like other coronaviruses. Studies suggest that coronaviruses (including preliminary information on the COVID-19 virus) may persist on surfaces for a few hours or up to several days. This may vary under different conditions (e.g. type of surface, temperature or humidity of the environment).If you think a surface may be infected, clean it with simple disinfectant to kill the virus and protect yourself and others. Clean your hands with an alcohol-based hand rub or wash them with soap and water. Avoid touching your eyes, mouth, or nose.",TRUE.
"Yes. The likelihood of an infected person contaminating commercial goods is low and the risk of catching the virus that causes COVID-19 from a package that has been moved, travelled, and exposed to different conditions and temperature is also low.",TRUE.
"The following measures ARE NOT effective against COVID-2019 and can be harmful: Smoking, Wearing multiple masks, Taking antibiotics (See question 10 ""Are there any medicines of therapies that can prevent or cure COVID-19?"") In any case, if you have fever, cough and difficulty breathing seek medical care early to reduce the risk of developing a more severe infection and be sure to share your recent travel history with your health care provider.",TRUE.
"Currently, the source of SARS-CoV-2, the coronavirus (CoV) causing COVID-19 is unknown. All available evidence suggests that SARS-CoV-2 has a natural animal origin and is not a constructed virus. SARS-CoV-2 virus most probably has its ecological reservoir in bats. SARS-CoV-2, belongs to a group of genetically related viruses, which also include SARS-CoV and a number of other CoVs isolated from bats populations. MERS-CoV also belongs to this group, but is less closely related.",TRUE.
"The first human cases of COVID-19 were identified in Wuhan City, China in December 2019. At this stage, it is not possible to determine precisely how humans in China were initially infected with SARS-CoV-2.However, SARS-CoV, the virus which caused the SARS outbreak in 2003, jumped from an animal reservoir (civet cats, a farmed wild animal) to humans and then spread between humans. In a similar way, it is thought that SARS-CoV-2 jumped the species barrier and initially infected humans, but more likely through an intermediate host, that is another animal species more likely to be handled by humans - this could be a domestic animal, a wild animal, or a domesticated wild animal and, as of yet, has not been identified.Until the source of this virus is identified and controlled, there is a risk of reintroduction of the virus in the human population and the risk of new outbreaks like the ones we are currently experiencing.",TRUE.
"No. In the UK, the NHS advice is now that anyone with symptoms should stay at home for at least 7 days. If you live with other people, they should stay at home for at least 14 days, to avoid spreading the infection outside the home. This applies to everyone, regardless of whether they have travelled abroad.",TRUE.
"The UK, you should look on the dedicated coronavirus NHS 111 website for information. If you get worse or your symptoms last longer than seven days, you should call NHS 111. People will no longer be tested for the virus unless they are in hospital.",TRUE.
Many countries have imposed travel bans and lockdown conditions in order to try to halt the spread of the virus. You should check with your local authorities for the latest advice on seeking medical assistance.,TRUE.
"China’s national health commission confirmed human-to-human transmission in January. As of 6 April, more than 1.2m people have been infected in 181 countries, according to the Johns Hopkins University Center for Systems Science and Engineering.",TRUE.
"We don’t yet know how dangerous the new coronavirus is, and we won’t know until more data comes in, but estimates of the mortality rate have ranged from well below 1% in the young to over 3% among those who are elderly or have underlying health conditions. Seasonal flu typically has a mortality rate below 1% and is thought to cause about 400,000 deaths each year globally. Sars had a death rate of more than 10%.",TRUE.
"Another key unknown is how contagious the coronavirus is. A crucial difference is that unlike flu, there is no vaccine for the new coronavirus, which means it is more difficult for vulnerable members of the population – elderly people or those with existing respiratory or immune problems – to protect themselves. Hand-washing and avoiding other people if you feel unwell are important.",TRUE.
"Severe acute respiratory syndrome (Sars) and Middle Eastern respiratory syndrome (Mers) are both caused by coronaviruses that came from animals. In 2002, Sars spread virtually unchecked to 37 countries, causing global panic, infecting more than 8,000 people and killing more than 750. Mers appears to be less easily passed from human to human, but has greater lethality, killing 35% of about 2,500 people who have been infected.",TRUE.
"Due to the unprecedented and ongoing nature of the coronavirus outbreak, this article is being regularly updated to ensure that it reflects the current situation at the date of publication. Any significant corrections made to this or previous versions of the article will continue to be footnoted in line with Guardian editorial policy.",TRUE.
"You can protect yourself and help prevent spreading the virus to others if you:DoWash your hands regularly for 20 seconds, with soap and water or alcohol-based hand rubCover your nose and mouth with a disposable tissue or flexed elbow when you cough or sneezeAvoid close contact (1 meter or 3 feet) with people who are unwellStay home and self-isolate from others in the household if you feel unwellDon'tTouchyour eyes, nose, or mouth if your hands are not clean Washing your hands with soap and water or using alcohol-basedhand rub kills viruses that may be on your hands.""",TRUE.
Maintain at least 1 metre (3 feet) distance between yourself and anyone who is coughing or sneezing.,TRUE.
"When someone coughs or sneezes they spray small liquid droplets from their nose or mouth which may contain virus. If you are too close, you can breathe in the droplets, including the COVID-19 virus if the person coughing has the disease.",TRUE.
"Avoid touching eyes, nose and mouth",TRUE.
"Hands touch many surfaces and can pick up viruses. Once contaminated, hands can transfer the virus to your eyes, nose or mouth. From there, the virus can enter your body and can make you sick.",TRUE.
Practice respiratory hygiene,TRUE.
maybe if i develop feelings for COVID19 it will leave,FAKE.
"Dad, why don't we get coronavirus? Because we have anty bodies.",FAKE.
"Rahul Gandhi @RahulGandhi Schools and colleges should reopen from 1st June on odd/even basis. Odd days teachers will come and even days, students will come",FAKE.
might sleep on the couch to cut down on on my morning commute Bëbe,FAKE.
"cat, text that says 'i THENEEDLING.COM New Study Confirms Cats Can't Spread COVID-19, But Would If Given Option",FAKE.
You wanna travel so bad you didn't notice it was a cake,FAKE.
Lenin Dornal @dornal_lenin When your ex gets killed by coronavirus. You to coronavirus:- telogues Mc fb/ Mai toh terko harami samjhta tha Tu toh Dev-maanus nikla,FAKE.
PETS THINK ABOUT QUARANTINE DOGS: He loves me SOOOO much He quit his job to be with me! CATS: Iknew that idiot would get fired one day.,FAKE.
"YOU'RE TELLING ME THE SAME GUY THAT SAID IN A TED TALK IN 2010 \""IF WE DO A REALLY GOOD JOB ON NEW VACCINES WE COULD LOWER EARTHS POPULATION BY PERHAPS 10%-%15\"" IS NOW MAKING A COVID-19 VACCINE & PEOPLE CAN'T WAIT TO GET INJECTED WITH IT... eman_Scornio",FAKE.
me an Introvert think I gotta be more social in 2020 Corona outbreak OwLTURD.coM Noice,FAKE.
"Due to the Coronavirus pandemic, Love Island has relocated filming to Stretford",FAKE.
ng out for the 5th time this week because I care about small businesses,FAKE.
"I was in line at the #supermarket when the guy in front of me farted. I stared at him, he turned around and said, \""If you heard that, you are not keeping your #distance and if you smelled it, your #mask is not helping you at all!",FAKE.
"We'd like to take a moment of silence for all the bartenders who are going to have to hear a I'll take a Corona, hold the virus",FAKE.
CORONA VIRUS GONNA GET- YOU! CORONAVIRUS!,FAKE.
"The weekend: 80 degrees, a holiday, and the stay at home order lifted Translation: people are about to act up and we'll be grounded by wednesday",FAKE.
When I heard China don't have to pay rent because of the Coronavirus,FAKE.
"Weed dude just told me he got \""Corona Kush\"" guaranteed to make u cough",FAKE.
On day 7 of quarantine Baby pass me The hair dryer,FAKE.
"My body has absorbed so much soap and disinfectant lately, that when I pee it cleans the toilet.",FAKE.
Today's travel plans: To the window To the wall,FAKE.
"If you get an email with the subject ""Ding Dong"" don't open it It's the Jehovah's Witness working from home",FAKE.
"Goodness and Mercy @thobyiano Mom Has Not Allowed Us To Turn On The Fan And We're Sweating, She Says Because Heat Kills Corona Virus.",FAKE.
So technically showing up at the bank in a mask and gloves is ok now.,FAKE.
"A man takes his wife to get tested Two days later, he gets a call from the lab. Doctor: I'm sorry to inform you that your wife's test results were mixed up with another patient's We're not sure if she has COVID-19 or Alzheimer's disease. Man: So what am supposed to do now? Doctor: Take her for long walk and leave her. If she finds her way back home, don't open the door.",FAKE.
This is the best joke I've seen so far... Finally Covid 19 is Gone Now How Do We Get Out?,FAKE.
When you hear the Coronavirus is coming to America but you know Corona is a Mexican beer WALL,FAKE.
"When you find out your daily lifestyle is actually called ""quarantine""",FAKE.
CORONAVIRUS LOCKDOWN How introverts think it will be How extroverts think it will be How the media thinks it will be How it actually is,FAKE.
FIRST TIME IN HISTORY WE CAN SAVE THE HUMAN RACE BY LAYING IN FRONT OF THE T.V. AND DOING NOTHING LETS NOT SCREW THIS UP,FAKE.
AFTER ALL THE STUPID THINGS I'VE DONE IN MY LIFE IF I DIE BECAUSE I TOUCHED MY FACE I'M GONNA BE PISSED,FAKE.
Just asked the wife to put a nurses uniform on. She said why? You feeling horny? I said no we need some bread,FAKE.
"""Social distancing"" sounds lame.""Exiled for the sake of the realm"" sounds much more interesting",FAKE.
"As an introvert, this quarantine is not our dream come true. We now have people in our house who never leave.",FAKE.
The Government: Please stay inside! People who never jogged before in their lives:,FAKE.
Me trying to hold in a cough so people don't think I have the virus MEMES,FAKE.
Until this Corona is over can y'all plz use this emoji for laughing. We don't need FB to shutdown too,FAKE.
**Commercials in 2030* Were you told to work during the COVID-19 pandemic? You may be entitled to compensation,FAKE.
This quarantine is about to expose a lot of people's true NOT_ TYPICAL WOMAN feelings & intentions about the person they're dating or in a relationship with. Many of you are about to learn if you're preferred or tolerated NOTURTYPICALWOMAN,FAKE.
"Oregon has ok'd marijuana curbside delivery... You pull up, a guy hands you a bag of weed through the window and you hand him cash. Just like the good old days!",FAKE.
If you see my kids crying outside MoreCrazyStuff and picking weeds just keep on driving. They'r re on a field trip.,FAKE.
Where travel is your next destination? Η Las Ki tchenas Los Lounges Santa Bedroomes Porto Gardenas Los bed Costa Del Balconia La Rotonda De Sofa Eau de Toilette,FAKE.
Guess I'll just smoke weed for the 80th time in 48 hours,FAKE.
I Can't Wait Until We Get Off Punishment. I Ain't Even Do Nothing!! K,FAKE.
I spent about 75% of my childhood grounded.. this quarantine ain't shit,FAKE.
"And just like that money, social status and all that superficial shit means absolutely NOTHING.",FAKE.
Nobody: My kids in the other room while I'm trying to work from home ephisticated,FAKE.
Me watching my family sleep in for 3 weeks while I'm forced to go to work,FAKE.
"Stressing about how your life has changed with this corona virus well tonite it literally changed could you imagine being a elderly person in this world not stressing over if you have toilet roll or if ur able to workout but weather your goin to survive, My 89 year old boss sir jimmy neary sent me pictures off some good times .. the 1st one when he claims I made the nearys hall of fame ... (if u have every been dere you’ll understand that’s a big deal) the 2nd one is my adopted American grandmother with him ... he’s more than family but folks they are living the most frightened times of there lives ... literally heartbreaking to see dere fear.",FAKE.
apparently people are freaking out about the coronavirus and i’m the only person who isn’t phased by it at all. like if you aren’t a baby or a boomer and don’t have a huge problem with your immune system:\nYOU. WILL. BE. JUST. FINE.\ni went to target today and all the shelves were cleared out. no pain/flu/cold meds. no hand sanitizer or soap. no toilet paper! people are really freaking out about this. someone want to explain this hysteria to me? because i don’t get it.,FAKE.
BOB: What's the acceptable time to start drinking during isolation? MIKE: What time did you get up? BOB: That's what thought,FAKE.
"If she a homebody, barely got friends, love to eat, gotta good vibe & mad goofy.. she AIN'T GOT CORONAVIRUS!",FAKE.
"Do toddlers ever stop & think to themselves \""Damn, I been bad all day, let me chill",FAKE.
"BEFORE YOU GO OUT IN PUBLIC, ask yourself: Is it worth it? -Can I work it? -Can I put my thing down flip it and reverse it?",FAKE.
"Normally we're scumbags, criminals, lowlifes, drug addicts, or alcoholics. Today, we're essential!",FAKE.
No Mask On Your Face You Big Disgrace Waving Your Freedom All Over The Place,FAKE.
You should wear a mask to protect yourself and others... ..even though you may not need it. This is the same concept as having a firearm,FAKE.
the person behind me in line me trying to practice social distancing in the grocery store,FAKE.
"everyone: quarantining is a great time to do that thing you've always wanted to get done: write the script, organize the closet, learn a new recipe me *fifth day on the couch* iwonder what cat food tastes like",FAKE.
sir can you tell us how you got covid-19,FAKE.
"Marijuana is legal. Haircuts are not. It took fifty years, but the hippies have finally won",FAKE.
Parents in drop off line The night before schools Open back up,FAKE.
"Quarantine's over, time to put on your work clothes!",FAKE.
Dettol ANTISEPTIC DISINFECTANT tungus wlanflu Wow! We'll share! Imagine Detol can help in fighting Corona virus and we're ignorant of it. It's written on the container zoom and read,FAKE.
"i THENEEDLING.COM New Study Confirms Cats Can't Spread COVID-19, But Would If Given Option",FAKE.
I call it “Coronavirus Chic”...I make grocery shopping in a pandemic look gooooood,FAKE.
"Knock, knock,Who’s there?,Tim,Tim who?Tim Martin,Fuck off, Tim Martin",FAKE.
No one in Antarctica has the Coronavirus yet. That's because they are Ice-o-lated.,FAKE.
"I just went out for a walk. Things are so bad, my shadow stayed 6 feet from me",FAKE.
How long before Purell costs more per barrel than oil?,FAKE.
So I guess this is what it’s like being a monk … Except with pizza and Netflix.,FAKE.
"With nothing on (no sports, late night shows), I ended up watching HGTV which is same as being in coronavirus isolation",FAKE.
You’re telling me my professor who can’t stop the YouTube autoplayer from playing the next video is going to teach classes online? This should be good.,FAKE.
"A funny thing about quarantining is hearing your partner in full work mode for the first time. Like, I’m married to a “Let’s circle back” guy – who knew?",FAKE.
Currently the worst job: census taker.,FAKE.
"jon Hamm and I were set to have our beautiful wedding this April. However, due to the coronavirus, we will be postponing the wedding celebration of our love. I’m heartbroken. My apologies to our friends and loved ones. Do not ask Jon Hamm about this. He’s busy.",FAKE.
"I asked my doctor if I need to cancel my birthday party, but she said that’s only for events over 10 people.",FAKE.
There’s going to be a lot of pressure over the next few days to talk to friends and family. Fight it. Stay positive.,FAKE.
"So far 2020, you suck.",FAKE.
"Be my Kaur'antine, I'll be your Social DistanSingh",FAKE.
Ek to china walo ko pehle jain banao,FAKE.
"Me, 'Doctor, I'm feeling a bit off colour',Doctor,'You've got Crayola virus'.",FAKE.
"The World Health Organization has announced that dogs cannot contract Covid-19. Dogs previously held in quarantine can now be released. To be clear, WHO let the dogs out.",FAKE.
What do you call a man with a seagull on his head? A selfish git who should have more sense than to go to the seaside in these uncertain times.,FAKE.
"Nature is healing White heavy check mark,Wildlife is returning White heavy check mark,Air is cleaner White heavy check mark, Trust us, these #coronavirusjokes will make your day",FAKE.
Why did the chicken cross the road?He saw a shop that had some toilet rolls left.,FAKE.
"To prevent the spread of the Coronavirus, people  have been advised to sneeze into their upper arm. People have instead, started stockpiling toilet paper.This confirms the long held belief that far too many people don't know their arse from their elbow.",FAKE.
"Please keep your beers separated. The beers on the left aren't following #Covid19 protocols",FAKE.
"Imagine if 10 years ago you were approached by a time traveler and he was like ""Look, I don't have much time to explain, all I can tell you is that the year 2020 is going to be wild as fuck! You know Donald Trump, the star of the apprentice?",FAKE.
"Checked in w/my roofer brother Ronny down in TX: “Man, you weren’t kiddin’! Everything is closing down here. Even the topless bars!” ",FAKE.
Waiting for that “Work from home” email gives me the same feeling as waiting for the snow day phone call,FAKE.
"The look on #JustinSun's face when he finds out that he can't buy a community, nor can he PUMP a coin while its entire community is DUMPing on him. ",FAKE.
Question: How do you get llamas to do #socialdistancing ?Question: How do you get llamas to do #socialdistancing ?Answer: Tell them they are NOT alpacas,FAKE.
I wonder what there will be more of by the end of the month:  pregnancies or divorces?,FAKE.
I can remember buying eggs without fear but now I'm chicken before buying the eggs. ,FAKE.
"I looked into her eyes, deep into the emerald green, my heart fluttered, I felt a connection, something deeper, something magical, I was transported to another place and I thought, blimey these binoculars are brilliant.",FAKE.
"#COVID19 deserves the Nobel Prize in Medicine. Ever since it appeared, people stopped dying from other causes.",FAKE.
* The toilet paper has become a bIg issue .... although other magazines will suffice,FAKE.
“Seriously STOP shaking hands. Stop it.#1 Corona virus #2 People have run out of toilet paper”,FAKE.
" German, an American and an Englishman walk in to a pub. No they didn't, they're all closed.",FAKE.
"After several weeks of serving only drive thru, I'll go to sit down at a McDonalds or Burger King and the fucking tables still won't be wiped clean ",FAKE.
"Interviewing my little cousin about what she thinks of #coronavirus... According to her, Coronavirus 'is dead and is a boy'. Do you agree with her?",FAKE.
Coronavirus jokes are spreading (almost) as fast as the actual COVID-19 ,FAKE.
Overheard an engineer at work complaining that he was going to have to reconfigure everything on the network to use UDP now that we're not allowed handshakes. ,FAKE.
"Got a shipment of toilet paper coming in this week from my dealer in the Amazon. I might need to strap up in case things go sideways, or at least put pants on",FAKE.
How long is #SocialDistance supposed to last? My wife keeps trying to get in the house!,FAKE.
Just rang Barnsley hospital to see how my Nan is getting on after using one of them new Dyson Ventilators...,FAKE.
I simply cannot be held responsible for the damage I do to my hair during this quarantine. I say another 4 days maximum and I’ll be cutting my hair with office scissors,FAKE.
"Her: Did you nut in me? Me: Yes, the government said we must not cum outside Smiling face with open mouth and cold sweat",FAKE.
Ordered a Chinese. Wee Chinese driver comes to the door and I walked out to meet him. He started shouting “isolate isolate.”I said” mate calm down your not that late I only ordered a few minutes ago ya fucking header.,FAKE.
If I had the #coronavirus and vaped a giant plume cloud would that make Koffing?,FAKE.
Wearing face mask will help people get better mouth hygiene cuz now they can smell their own breath ,FAKE.
Modern Lone Ranger remake:Who was that masked man?I don't know... could have been anybody.,FAKE.
I'm just glad my dad isn't alive to see this and be justified in his frustration over my teenage toilet paper usage.,FAKE.
"Been working remote since 2007. Obvs trendsetter there. Been ""self-quarantining"" much longer but always figured it was just due to having no life.",FAKE.
"Donald Trump was asked if American schools will also close on Friday, he said 'Yes and they open again on Monday , because it's a weekend' and then he smiled thinking he'd got a question right for once",FAKE.
"My brother: I think I've gained the quarantine 20,His wife: You mean the covid 19??",FAKE.
How long before the entire internet is converted to UDP/IP to avoid handshaking,FAKE.
"Netflix better disable that “Are you still watching” for the next six months, all I’m saying.",FAKE.
Why did the chicken cross the road? To observe social distancing,FAKE.
Geez by the way people are buying up all the toilet paper here in Oz I'll be wiping my backside with the left and shaking hands with the right ! ,FAKE.
our cleaning lady just called and told us she will be working from home. She will send us instructions on what to do.,FAKE.
"* UK  #lockdown is interesting, on the plus side I get the pub to myself , but on the minus side this gig would do much better with an audience",FAKE.
"Coronavirus is like your wife. Initially you try to control it. Then you realized, you can't. So you learn to live with it! ",FAKE.
"Power of Coronavirus:“Dear HR, I am suffering from corona virus and request you to grant me paid leave for 20days. Otherwise I will come to office",FAKE.
"If you've been drinking a lot of tequila and grapefruit-based cocktails, you've got palomavirus. and If you’ve been drowned by the ghost of a weeping mother, you’ve got lloronavirus ",FAKE.
Half of us are going to come out of this quarantine as amazing cooks. The other half will come out with a drinking problem.,FAKE.
"Wash your hands regularly with soap and water, or clean them with alcohol-based hand rub.
",TRUE.
"Maintain at least 1 metre distance between you and people coughing or sneezing.
",TRUE.
"Avoid touching your face.
",TRUE.
"Cover your mouth and nose when coughing or sneezing.
",TRUE.
"Stay home if you feel unwell.
",TRUE.
"Refrain from smoking and other activities that weaken the lungs.
",TRUE.
"Practice physical distancing by avoiding unnecessary travel and staying away from large groups of people. 
",TRUE.
"Diseases can make anyone sick regardless of their race or ethnicity. 
",TRUE.
"For most people, the immediate risk of becoming seriously ill from the virus that causes COVID-19 is thought to be low.
",TRUE.
"Someone who has completed quarantine or has been released from isolation does not pose a risk of infection to other people. 
",TRUE.
"You can help stop COVID-19 by knowing the signs and symptoms:-  Fever , Cough , Shortness of breath.
",TRUE.
"Cover your cough or sneeze with a tissue, then throw the tissue in the trash.
",TRUE.
"The new coronavirus can be trasmitted in areas with Hot And Humid Climates.
",TRUE.
"Cold Weather And Snow Cannot Kill Coronavirus.
",TRUE.
"Hot Bath/Shower Does Not Prevent Coronavirus.
",TRUE.
"This virus cannot last long on packages and letters so it is safe to use products from China, says WHO. However, in case you still fear, sanitize the product before using it.
",TRUE.
"There is no evidence that supports the theory that mosquito bites can spread coronavirus.
",TRUE.
"Hand dryers are not effective in killing COVID-19.
",TRUE.
"Yoga cannot cure coronavirus. It does help you in living a healthy life but curing the virus is not one of its chores.
",TRUE.
"Thermal scanners are effective but only in detecting people with fever. However, if someone is infected with coronavirus and not down with fever, yet the machine cannot detect anything.
",TRUE.
"Spraying Alcohol Or Chlorine all Over Your Body Help will not kill coronavirus.
",TRUE.
"Cow dung and urine cannot cure coronavirus. It's simply not true. 
",TRUE.
"No cure or vaccination has been developed for coronavirus, yet. Scientists and researchers are still working towards it. 
",TRUE.
"Scientists and researchers still have not said that Ayurveda, homeopathy and any other herbal medicines can treat you with this virus.",TRUE.
"WHO has stated that dogs cannot contain or transmit this disease as with the cows and birds are also immune to this disease.
",TRUE.
"It is true that rinsing your nose with Saline you recover quickly from common cold, but not against the Coronavirus.  
",TRUE.
"Nothing proves that eating garlic or onion can cure this outbreak. 
",TRUE.
"The virus is not age specific. It can happen to anyone and everyone. However, older people and people with pre-existing medical conditions (such as asthma, diabetes, and heart disease) are more vulnerable to it. 
",TRUE.
"Corona beer cannot infect you. The only similarity the two share, is the term “Corona”. 
",TRUE.
"Antibiotics do not work against coronavirus, only bacteria.
",TRUE.
"Vitamin C is a great supplement to build immunity but nothing proves that it can cure the coronavirus. There is no medicine or treatment launched yet. 
",TRUE.
"Homoeopathy drug cannot cure coronavirus.
",TRUE.
"Coronavirus (COVID-19) is an illness caused
by a virus that can spread from person
to person.",TRUE.
The virus that causes COVID-19 is a new coronavirus that has spread throughout the world.,TRUE.
COVID-19 symptoms can range from mild (or no symptoms) to severe illness.,TRUE.
"Buy groceries and medicine, go to the doctor, and complete banking activities online when possible.",TRUE.
"If you must go in person, stay at least 6 feet away from others and disinfect items you must touch.",TRUE.
"Get deliveries and takeout, and limit in-person contact as much as possible.",TRUE.
You can become infected by coming into close contact (about 6 feet or two arm lengths) with a person who has COVID-19. COVID-19 is primarily spread from person to person.,TRUE.
"You can become infected from respiratory droplets when an infected person coughs, sneezes, or talks.",TRUE.
"You may also be able to get it by touching a surface or object that has the virus on it, and then by touching your mouth, nose, or eyes.",TRUE.
"Stay home if you are sick, except to get medical care.",TRUE.
"Avoid public transportation, ride-sharing, or taxis.",TRUE.
Separate yourself from other people and pets in your home,TRUE.
"There is no specific treatment for COVID-19, but you can seek medical care to help relieve your symptoms.",TRUE.
"If you need medical attention, call ahead.",TRUE.
There is currently no vaccine to protect against COVID-19. The best way to protect yourself is to avoid being exposed to the virus that causes COVID-19.,TRUE.
Stay home as much as possible and avoid close contact with others,TRUE.
Wear a cloth face covering that covers your nose and mouth in public settings.,TRUE.
Clean and disinfect frequently touched surfaces.,TRUE.
"Wash your hands often with soap and water for at least 20 seconds, or use an alcoholbased hand sanitizer that contains at least 60% alcohol.",TRUE.
Everyone is at risk of getting COVID-19.,TRUE.
Older adults and people of any age who have serious underlying medical conditions may be at higher risk for more severe illness,TRUE.
Diseases can make anyone sick regardless of their race or ethnicity. ,TRUE.
Fear and anxiety about COVID-19 can cause people to avoid or reject others even though they are not at risk for spreading the virus.,TRUE.
"Wash your hands often with soap and water for at least 20 seconds, especially after blowing your nose, coughing, or sneezing; going to the bathroom; and before eating or preparing food.",TRUE.
"When in public, wear a cloth face covering that covers your mouth and nose.",TRUE.
"Avoid touching your eyes, nose, and mouth with unwashed hand",TRUE.
Stay home when you are sick.,TRUE.
"Cover your cough or sneeze with a tissue, then throw the tissue in the trash.",TRUE.
"For most people, the immediate risk of becoming seriously ill from the virus that causes COVID-19 is thought to be low.",TRUE.
Older adults and people of any age who have serious underlying medical conditions may be at higher risk for more serious complications from COVID-19.,TRUE.
"You can help stop COVID-19 by knowing the signs and symptoms which can include:There are simple things you can do to
help keep yourself and others healthy.
Diseases can make anyone
sick regardless of their race
or ethnicity.
• Fever
• Cough
• Shortness of breath
Seek medical attention immediately if you or
someone you love has emergency warning signs,
including:
• Trouble breathing
• Persistent pain or pressure in the chest
• New confusion or not able to be woken
• Bluish lips or face
This list is not all inclusive. Please consult your medical provider
for any other symptoms that are severe or concerning.",TRUE.
Someone who has completed quarantine or has been released from isolation does not pose a risk of infection to other people.,TRUE.
623 new cases and 11 new deaths in Afghanistan,TRUE.
4 new cases in Latvia on may 29,TRUE.
443 new cases and 2 new deaths in India on may 29,TRUE.
429 new cases and 10 new deaths in Ukraine on may 29,TRUE.
1 new case in Taiwan on may 29,TRUE.
8 new cases in Georgia on may 29,TRUE.
3 new deaths in El Salvador on may 29,TRUE.
8 new cases and 2 new deaths in Bulgaria on may 29,TRUE.
19 new cases in Uzbekistan on may 29,TRUE.
25 new cases and 8 new deaths in Hungary on may 29,TRUE.
15 new cases in Israel  on may 29,TRUE.
11 new cases in Thailand  on may 29,TRUE.
"2,801 new cases and 57 new deaths in Pakistan on may 29",TRUE.
356 new cases in Kazakhstan  on may 29,TRUE.
18 new cases in Mongolia on may 29,TRUE.
123 new cases and 1 new death in Haiti on may 29,TRUE.
619 new cases and 13 new deaths in Bolivia on may 29,TRUE.
15 new cases in Australia   on may 29,TRUE.
203 new cases and 12 new deaths in Guatemala on may 29,TRUE.
58 new cases in South Korea on may 29,TRUE.
112 new cases and 2 new deaths in Honduras  on may 29,TRUE.
1 new case in Bahamas on may 29,TRUE.
"3,377 new cases and 447 new deaths in Mexico on may 29",TRUE.
"On January 31, the first 2 novel coronavirus cases in the UK, [18] the first 2 cases in Russia, [20] and the first case in Sweden and in Spain were reported. Canada reported its 4th case.",TRUE.
"On Jan. 31, the United States declared Coronavirus a Public Health Emergency
issued 14 days quarantine rules for US citizens entering the US from China (mandatory if entering from the Hubei province).
issued an order to deny entry to foreigners who have traveled to China within the past two weeks.",TRUE.
"On January 30, the novel coronavirus total case count surpassed that for SARS (which affected 8,096 people worldwide).",TRUE.
"On January 30, the World Health Organization declared the coronavirus outbreak a Global Public Health Emergency.",TRUE.
On January 30 CDC confirmed the first US case of human to human transmission,TRUE.
"Germany, Japan, Vietnam and the United States have reported cases in patients who didn't personally visit China, but contracted the virus from someone else who had visited Wuhan, China[15]. These cases of human to human transmission are the most worrisome, according to the WHO[16].",TRUE.
"Wuhan (the city where the virus originated) is the largest city in Central China, with a population of over 11 million people. The city, on January 23, shut down transport links. Following Wuhan lock down, the city of Huanggang was also placed in quarantine, and the city of Ezhou closed its train stations. This means than 18 million people have been placed in isolation. The World Health Organization (WHO) said cutting off a city as large as Wuhan is ""unprecedented in public health history.""[12] and praised China for its incredible commitment to isolate the virus and minimize the spread to other countries.",TRUE.
"here are three parameters to understand in order to assess the magnitude of the risk posed by this novel coronavirus: Transmission Rate (Ro) - number of newly infected people from a single case
Case Fatality Rate (CFR) - percent of cases that result in death
Determine whether asymptomatic transmission is possible",TRUE.
"The attack rate or transmissibility (how rapidly the disease spreads) of a virus is indicated by its reproductive number (Ro, pronounced R-nought or r-zero), which represents the average number of people to which a single infected person will transmit the virus.",TRUE.
WHO's estimated (on Jan. 23) Ro to be between 1.4 and 2.5.,TRUE.
"Other studies have estimated a Ro between 3.6 and 4.0, and between 2.24 to 3.58",TRUE.
Preliminary studies had estimated Ro to be between 1.5 and 3.5.,TRUE.
An outbreak with a reproductive number of below 1 will gradually disappear.,TRUE.
"For comparison, the Ro for the common flu is 1.3 and for SARS it was 2.0",TRUE.
"The novel coronavirus' case fatality rate has been estimated at around 2%, in the WHO press conference held on January 29, 2020 [16] . However, it noted that, without knowing how many were infected, it was too early to be able to put a percentage on the mortality rate figure.",TRUE.
"A prior estimate [9] had put that number at 3%. Fatality rate can change as a virus can mutate, according to epidemiologists. For comparison, the case fatality rate for SARS was 10%, and for MERS 34%",TRUE.
"Symptoms of COVID-19 may appear in as few as 2 days or as long as 14 (estimated ranges vary from 2-10 days, 2-14 days, and 10-14 days, see details), during which the virus is contagious but the patient does not display any symptom (asymptomatic transmission).",TRUE.
"According to early estimates by China's National Health Commission (NHC), about 80% of those who died were over the age of 60 and 75% of them had pre-existing health conditions such as cardiovascular diseases and diabetes.[24]",TRUE.
"The median age of cases detected outside of China is 45 years, ranging from 2 to 74 years.",TRUE.
71% of cases were male.,TRUE.
"A study of 138 hospitalized patients with NCIP found that the median age was 56 years (interquartile range, 42-68; range, 22-92 years) and 75 (54.3%) were men.",TRUE.
People of all ages can be infected by the novel coronavirus COVID-19,TRUE.
"Older people, and people with pre-existing medical conditions (such as asthma, diabetes, heart disease) appear to be more vulnerable to becoming severely ill with the virus.",TRUE.
"The patient who died in the Philippines on February 2, in what was the first death occurring outside of China, was a 44-year-old Chinese man from Wuhan who was admitted on Jan. 25 after experiencing fever, cough, and sore throat, before developing severe pneumonia. In the last few days, “the patient was stable and showed signs of improvement, however, the condition of the patient deteriorated within his last 24 hours resulting in his demise."" according to the Philippine Department of Health.",TRUE.
"As of Jan. 29, according to French authorities, the conditions of the two earliest Paris cases had worsened and the patients were being treated in intensive care, according to French authorities. The patients have been described as a young couple aged 30 and 31 years old, both Chinese citizens from Wuhan who were asymptomatic when they arrived in Paris on January 18 [19].",TRUE.
"The NHC reported the details of the first 17 deaths up to 24 pm on January 22, 2020. The deaths included 13 males and 4 females. The median age of the deaths was 75 (range 48-89) years.[21]",TRUE.
"On January 30, the World Health Organization declared the coronavirus outbreak a Global Public Health Emergency.",TRUE.
"Current evidence on other coronavirus strains shows that while coronaviruses appear to be stable at low and freezing temperatures for a certain period, food hygiene and good food safety practices can prevent their transmission through food.",TRUE.
Coronavirus disease (COVID-19) is an infectious disease caused by a newly discovered coronavirus.,TRUE.
"CO' stands for corona, 'VI' for virus, and 'D' for disease. Formerly, this disease was referred to as '2019 novel coronavirus' or '2019-nCoV.' The COVID-19 virus is a new virus linked to the same family of viruses as Severe Acute Respiratory Syndrome (SARS) and some types of common cold.",TRUE.
"They found that for people with mild disease, recovery time is about two weeks, while people with severe or critical disease recover within three to six weeks.",TRUE.
"If you are healthy, you only need to wear a mask if you are taking care of a person with suspected 2019-nCoV infection. Wear a mask if you are coughing or sneezing. Masks are effective only when used in combination with frequent hand-cleaning with alcohol-based hand rub or soap and water. If you wear a mask, then you must know how to use it and dispose of it properly.",TRUE.
"No, antibiotics do not work against viruses. The 2019-nCOV is a virus and, therefore, antibiotics should not be used as a means of prevention or treatment.",TRUE.
"The virus can cause a range of symptoms, from ranging from mild illness to pneumonia. Symptoms of the disease are fever, cough, sore throat and headaches.",TRUE.
Heat at 56°C kills the SARS coronavirus at around 10000 units per 15 min (quick reduction).,TRUE.
"People of all ages can be infected by the new coronavirus (COVID19). Older people, and people with pre-existing medical conditions (such as obesity, asthma, diabetes, heart disease) appear to be more vulnerable to becoming severely ill with the virus.",TRUE.
"WHO advises people of all ages to take steps to protect themselves from the virus, for example by following good hand hygiene and good respiratory hygiene.",TRUE.
"To date there has been no information nor evidence to suggest that the new coronavirus could be transmitted by mosquitoes. The new coronavirus is a respiratory virus which spreads primarily through droplets generated when an infected person coughs or sneezes, or through droplets of saliva or discharge from the nose. To protect yourself, clean your hands frequently with an alcohol-based hand rub or wash them with soap and water. Also, avoid close contact with anyone who is coughing and sneezing.",TRUE.
"There is some evidence that COVID-19 infection may lead to intestinal infection and be present in faeces. However, to date only one study has cultured the COVID-19 virus from a single stool specimen. There have been no reports of faecal−oral transmission of the COVID-19 virus to date.",TRUE.
COVID-19 causes more severe disease than seasonal influenza.,TRUE.
"While many people globally have built up immunity to seasonal flu strains, COVID-19 is a new virus to which no one has immunity. That means more people are susceptible to infection, and some will suffer severe disease.",TRUE.
"Globally, about 3.4% of reported COVID-19 cases have died. By comparison, seasonal flu generally kills far fewer than 1% of those infected.",TRUE.
"There is no specific treatment for disease caused by a novel coronavirus. However, many of the symptoms can be treated and therefore treatment based on the patient's clinical condition.",TRUE.
You can recover from the coronavirus disease (COVID-19). Catching the new coronavirus DOES NOT mean you will have it for life. Most of the people who catch COVID-19 can recover and eliminate the virus from their bodies,TRUE.
Cold weather and snow CANNOT kill the new coronavirus. There is no reason to believe that cold weather can kill the new coronavirus or other diseases.,TRUE.
"From the evidence so far, the COVID-19 virus can be transmitted in ALL AREAS, including areas with hot and humid weather. Regardless of climate, adopt protective measures if you live in, or travel to an area reporting COVID-19. The best way to protect yourself against COVID-19 is by frequently cleaning your hands. By doing this you eliminate viruses that may be on your hands and avoid infection that could occur by then touching your eyes, mouth, and nose.",TRUE.
"We know it is possible for people of any age to be infected with the virus, but so far there are relatively few cases of COVID-19 reported among children.",TRUE.
"Hands touch too many surfaces and can quickly pick up viruses. Once contaminated, hands can transfer the virus to your face, from where the virus can move inside your body, making you feel unwell.",TRUE.
"The new coronavirus is a respiratory virus which spreads primarily through droplets generated when an infected person coughs or sneezes, or through droplets of saliva or discharge from the nose. To protect yourself, clean your hands frequently with an alcohol-based hand rub or wash them with soap and water.",TRUE.
"At times of anxiety, practice breathing slowly for a few minutes. Try and distance the thoughts that are making you anxious. Think of something calm and serene, and slow down your mind. 2. When feeling angry and irritated, calming your mind, counting back from 10 to 1, distracting yourself helps.",TRUE.
"Most people infected with the COVID-19 virus will experience mild to moderate respiratory illness and recover without requiring special treatment. Older people, and those with underlying medical problems like cardiovascular disease, diabetes, chronic respiratory disease, and cancer are more likely to develop serious illness.",TRUE.
"The transmission of the COVID-19 virus through breastmilk and breastfeeding has not been detected. While breastfeeding, a mother should still implement appropriate hygiene measures, including wearing a medical mask if available, to reduce the possibility of droplets with COVID-19 being spread to her infant.",TRUE.
"The best way to prevent and slow down transmission is be well informed about the COVID-19 virus, the disease it causes and how it spreads. Protect yourself and others from infection by washing your hands or using an alcohol based rub frequently and not touching your face.",TRUE.
"The COVID-19 virus spreads primarily through droplets of saliva or discharge from the nose when an infected person coughs or sneezes, so it's important that you also practice respiratory etiquette (for example, by coughing into a flexed elbow).",TRUE.
"About 80% of confirmed cases recover from the disease without any serious complications. However, one out of every six people who gets COVID-19 can become seriously ill* and develop difficulty in breathing. In more severe cases, infection can cause severe pneumonia and other complications which can be treated only at higher level facilities (District Hospitals and above).",TRUE.
"When a disease is new, there is no vaccine until one is developed. It can take a number of years for a new vaccine to be developed.",TRUE.
"The most recent common ancestor (MRCA) of all coronaviruses is estimated to have existed as recently as 8000 BCE, although some models place the common ancestor as far back as 55 million years or more, implying long term coevolution with bat and avian species.",TRUE.
"COVID–19 may present with mild, moderate, or severe illness; the latter includes severe pneumonia, ARDS, sepsis and septic shock.",TRUE.
"Although persistence in drinking-water is possible, there is no evidence from surrogate human coronaviruses that they are present in surface or groundwater sources or transmitted through contaminated drinking water.",TRUE.
Coronaviruses are a large family of viruses that are known to cause illness ranging from the common cold to more severe diseases such as Middle East Respiratory Syndrome (MERS) and Severe Acute Respiratory Syndrome (SARS).,TRUE.
"No. Vaccines against pneumonia, such as pneumococcal vaccine and Haemophilus influenza type B (Hib) vaccine, do not provide protection against the new coronavirus.",TRUE.
"The virus is so new and different that it needs its own vaccine. Researchers are trying to develop a vaccine against 2019-nCoV, and WHO is supporting their efforts.",TRUE.
"these vaccines are not effective against 2019-nCoV, vaccination against respiratory illnesses is highly recommended to protect your health.",TRUE.
"Viruses are named based on their genetic structure to facilitate the development of diagnostic tests, vaccines and medicines. Virologists and the wider scientific community do this work, so viruses are named by the International Committee on Taxonomy of Viruses (ICTV).",TRUE.
"The main way the disease spreads is through respiratory droplets expelled by someone who is coughing. The risk of catching COVID-19 from someone with no symptoms at all is very low. However, many people with COVID-19 experience only mild symptoms. This is particularly true at the early stages of the disease. It is therefore possible to catch COVID-19 from someone who has, for example, just a mild cough and does not feel ill.",TRUE.
"While COVID-19 is a mild disease for most people, it can make some very ill. Around 1 in every 5 people who catch COVID-19 needs hospital treatment.",TRUE.
"The normal human body temperature remains around 36.5°C to 37°C, regardless of the external temperature or weather. The most effective way to protect yourself against the new coronavirus is by frequently cleaning your hands with alcohol-based hand rub or washing them with soap and water.",TRUE.
"Six species of human coronaviruses are known, with one species subdivided into two different strains, making seven strains of human coronaviruses altogether.",TRUE.
"Children are likely to be experiencing worry, anxiety and fear, and this can include the types of fears that are very similar to those experienced by adults, such as a fear of dying, a fear of their relatives dying, or a fear of what it means to receive medical treatment.",TRUE.
"If schools have closed as part of necessary measures, then children may no longer have that sense of structure and stimulation that is provided by that environment, and now they have less opportunity to be with their friends and get that social support that is essential for good mental well-being.",TRUE.
"Current evidence on other coronavirus strains shows that while coronaviruses appear to be stable at low and freezing temperatures for a certain period, food hygiene and good food safety practices can prevent their transmission through food.",TRUE.
"Specifically, coronaviruses are thermolabile, which means that they are susceptible to normal cooking temperatures (70°C). Therefore, as a general rule, the consumption of raw or undercooked animal products should be avoided.",TRUE.
"Maintain at least 1 metre (3 feet) distance between yourself and others. Why? When someone coughs, sneezes, or speaks they spray small liquid droplets from their nose or mouth which may contain virus. If you are too close, you can breathe in the droplets, including the COVID-19 virus if the person has the disease.",TRUE.
"By following good respiratory hygiene, you protect the people around you from viruses such as cold, flu and COVID-19.",TRUE.
"Stay home and self-isolate even with minor symptoms such as cough, headache, mild fever, until you recover. Have someone bring you supplies. If you need to leave your house, wear a mask to avoid infecting others. Why? Avoiding contact with others will protect them from possible COVID-19 and other viruses.",TRUE.
"If you have a fever, cough and difficulty breathing, seek medical attention, but call by telephone in advance if possible and follow the directions of your local health authority. Why? National and local authorities will have the most up to date information on the situation in your area.",TRUE.
"The most common symptoms of COVID-19 are dry cough, tiredness and fever. Some people may develop more severe forms of the disease, such as pneumonia.",TRUE.
"Elderly people are at a higher risk of COVID-19 infection due to their decreased immunity and body reserves, as well as multiple associated co- morbidities like diabetes, hypertension, chronic kidney disease and chronic obstructive pulmonary disease.",TRUE.
"While wearing a medical mask can help in limiting the spread of some diseases including the COVID-19, it alone will not stop infection. Washing hands and avoiding contact with potentially infected individuals is the best way to reduce the risk of infection.",TRUE.
"Like other respiratory illnesses, it can cause mild symptoms including a runny nose, sore throat, cough, and fever. It can be more severe for some persons and can lead to pneumonia or breathing difficulties and organ failure. More rarely, the disease can be fatal. Older people, and people with pre-existing medical conditions appear to be more vulnerable to becoming severely ill with the virus.",TRUE.
This coronavirus is spreading at a breakneck speed and it is important to put all the necessary resources into halting it. We may not know enough about the virus’s impact on children or how many may be affected – but we do know that close monitoring and prevention are key. Time is not on our side.,TRUE.
"A UNICEF shipment of respiratory masks and protective suits for health workers landed in Shanghai, China, at the end of January to support China’s response to the novel coronavirus outbreak.",TRUE.
"Weighing 6 metric tons, the supplies were sent from UNICEF’s global supply hub in Copenhagen and will be dispatched to Wuhan. UNICEF will be sending more items in the coming days and weeks.",TRUE.
"The Temporary Policy Regarding Enforcement of 21 CFR Part 118 (the Egg Safety Rule) During the COVID-19 Public Health Emergency provides producers of shell eggs that normally would be sent to facilities for further processing, the flexibility to sell their eggs for distribution to retail locations, such as supermarkets, when certain conditions are present. This flexibility will help egg producers meet increased demand for shell eggs by consumers at retail locations while still ensuring the safety of eggs.",TRUE.
FDA issued this guidance to provide temporary flexibility regarding certain packaging and labeling requirements for shell eggs sold in retail food establishments so that industry can meet the increased demand for shell eggs during the COVID-19 pandemic.,TRUE.
"As a result of the COVID-19 pandemic, restaurants and food manufacturers may have food not labeled for retail sale that they wish to sell at retail. The FDA has released a guidance document to provide restaurants and other businesses with flexibility regarding nutrition labeling so that they can sell certain packaged food during the COVID-19 pandemic.",TRUE.
"Currently there is no evidence of food or food packaging being associated with transmission of COVID-19. Therefore, we do not believe there is a need to conduct environmental testing in food settings for the virus that causes COVID 19 for the purpose of food safety. Cleaning and sanitizing the surfaces is a better use of resources than testing to see if the virus is present.",TRUE.
"Food facilities need to follow protocols set by local and state health departments, which may vary depending on the amount of community spread of COVID-19 in a given area. These decisions will be based on public health risk of person-to-person transmission – not based on food safety.",TRUE.
"Food facilities, like other work establishments, need to follow protocols set by local and state health departments, which may vary depending on the amount of community spread of COVID-19 in a particular area. We encourage coordination with localExternal Link Disclaimer health officials for all businesses so that timely and accurate information can guide appropriate responses in each location where they have operations. Also see the CDC's What Grocery and Food Retail Workers Need to Know about COVID-19.",TRUE.
Virus is stable in faeces(and urine) at room temperature for at least 1-2 days. Virus is more stable (up to 4 days) in stool from diarrhea patients (which has higher pH than normal stool).,TRUE.
Virus loses infectivity after exposure to different commonly used disinfectants and fixatives,TRUE.
Only minimal reduction in virus concentration after 21 days at 4°C and -80°C. Reduction in virus concentration by one log only at stable room temperature for 2 days. This would indicate that the virus is more stable than the known human coronaviruses under these conditions. Heat at 56°C kills the SARS coronavirus at around 10000 units per 15 min (quick reduction),TRUE.
SARS virus fixation (killing) on glass slides for immunofluorescence assays in room temperature does not kill virus efficiently unless the acetone is cooled down to -20oC,TRUE.
"Taking a hot bath will not prevent you from catching COVID-19. Your normal body temperature remains around 36.5°C to 37°C, regardless of the temperature of your bath or shower. Actually, taking a hot bath with extremely hot water can be harmful, as it can burn you. The best way to protect yourself against COVID-19 is by frequently cleaning your hands. By doing this you eliminate viruses that may be on your hands and avoid infection that could occur by then touching your eyes, mouth, and nose.",TRUE.
"Hand dryers are not effective in killing the 2019-nCoV. To protect yourself against the new coronavirus, you should frequently clean your hands with an alcohol-based hand rub or wash them with soap and water. Once your hands are cleaned, you should dry them thoroughly by using paper towels or a warm air dryer.",TRUE.
UV radiation can cause skin irritation and damage your eyes. Cleaning your hands with alcohol-based hand rub or washing your hands with soap and water are the most effective ways to remove the virus.,TRUE.
Thermal scanners are effective in detecting people who have a fever (i.e. have a higher than normal body temperature). They cannot detect people who are infected with COVID-19. There are many causes of fever. Call your healthcare provider if you need assistance or seek immediate medical care if you have fever and live in an area with malaria or dengue.,TRUE.
There is no evidence that regularly rinsing the nose with saline has protected people from infection with the new coronavirus. ,TRUE.
"Garlic is a healthy food that may have some antimicrobial properties. However, there is no evidence from the current outbreak that eating garlic has protected people from the new coronavirus",TRUE.
"People of all ages can be infected by the new coronavirus (2019-nCoV). Older people, and people with pre-existing medical conditions (such as asthma, diabetes, heart disease) appear to be more vulnerable to becoming severely ill with the virus.",TRUE.
"To date, there is no specific medicine recommended to prevent or treat the new coronavirus (2019-nCoV). However, those infected with the virus should receive appropriate care to relieve and treat symptoms, and those with severe illness should receive optimized supportive care. Some specific treatments are under investigation, and will be tested through clinical trials. WHO is helping to accelerate research and development efforts with a range or partners.",TRUE.
Coronavirus is not heat-resistant and will be killed in a temperature of 26-27 degrees.,FAKE.
"The virus does not settle in air but on the ground, so it is not transmitted through air",FAKE.
Coronavirus when it falls on fabric it remains for 9 hours so washing clothes and exposing them to the sun for 2 hours can kill the virus.,FAKE.
The virus can be spread through money and bank cards ( debit/credit cards).,FAKE.
To be safe from coronavirus mask is not necessary and only washing your hands with soap and water is sufficient,FAKE.